{"blinker": 0.16455696202531644, "gear": 0.5922886801779536, "half_clutch": 0.03213049925852694, "mileage": 14.2, "engine_speed": 0, "idling": NaN}